{
    "metrics": {
        "data_received": {
            "count": 126960851,
            "rate": 1410218.8917300317
        },
        "data_sent": {
            "count": 513482,
            "rate": 5703.506327027692
        },
        "http_req_blocked": {
            "avg": 20.814639932453865,
            "max": 174.689577,
            "med": 0.004,
            "min": 0.0009,
            "p(90)": 79.6411934,
            "p(95)": 83.42236430000001
        },
        "http_req_connecting": {
            "avg": 6.594667278627965,
            "max": 29.560164,
            "med": 0,
            "min": 0,
            "p(90)": 25.4309954,
            "p(95)": 26.7670717
        },
        "http_req_duration": {
            "avg": 1982.3261179810017,
            "max": 37985.107677,
            "med": 919.775875,
            "min": 50.815614,
            "p(90)": 2798.637513600003,
            "p(95)": 6048.116926699997
        },
        "http_req_receiving": {
            "avg": 72.64838989762517,
            "max": 3558.504316,
            "med": 0.070901,
            "min": 0.018301,
            "p(90)": 122.7935886,
            "p(95)": 424.3514950999997
        },
        "http_req_sending": {
            "avg": 0.022456825329815303,
            "max": 0.625717,
            "med": 0.015301,
            "min": 0.005101,
            "p(90)": 0.04622100000000003,
            "p(95)": 0.05709199999999998
        },
        "http_req_tls_handshaking": {
            "avg": 14.0714879403694,
            "max": 100.682181,
            "med": 0,
            "min": 0,
            "p(90)": 54.316219000000004,
            "p(95)": 56.562485599999995
        },
        "http_req_waiting": {
            "avg": 1909.6552712580492,
            "max": 37985.036275,
            "med": 867.932412,
            "min": 46.700218,
            "p(90)": 2561.8511184000004,
            "p(95)": 5598.424943899999
        },
        "http_reqs": {
            "count": 1895,
            "rate": 21.048730996836262
        },
        "iteration_duration": {
            "avg": 6376.307527244028,
            "max": 41063.920981,
            "med": 4684.1331,
            "min": 3131.46871,
            "p(90)": 7129.463870600005,
            "p(95)": 22719.817545999977
        },
        "iterations": {
            "count": 377,
            "rate": 4.187531179845526
        },
        "vus": {
            "max": 99,
            "min": 1,
            "value": 2
        },
        "vus_max": {
            "max": 100,
            "min": 100,
            "value": 100
        }
    },
    "root_group": {
        "name": "",
        "path": "",
        "id": "d41d8cd98f00b204e9800998ecf8427e",
        "groups": {},
        "checks": {}
    }
}
